{
  "name": "angular6-springboot-client",
  "version": "0.0.0",
  "scripts": {
    "ng": "ng",
    "start": "ng serve --proxy-config proxy.conf.json",
    "build": "ng build",
    "test": "ng test",
    "lint": "ng lint",
    "e2e": "ng e2e"
  },
  "private": true,
  "dependencies": {
    "@angular/animations": "^7.2.16",
    "@angular/common": "^7.2.16",
    "@angular/compiler": "^7.2.16",
    "@angular/core": "^7.2.16",
    "@angular/forms": "^7.2.16",
    "@angular/platform-browser": "^7.2.16",
    "@angular/platform-browser-dynamic": "^7.2.16",
    "@angular/router": "^7.2.16",
    "bootstrap": "^4.6.0",
    "core-js": "^2.6.12",
    "jquery": "^3.6.0",
    "rxjs": "~6.3.3",
    "tslib": "^1.14.1",
    "zone.js": "~0.8.26"
  },
  "devDependencies": {
    "@angular-devkit/build-angular": "~0.12.0",
    "@angular/cli": "~7.2.1",
    "@angular/compiler-cli": "^7.2.16",
    "@angular/language-service": "^7.2.16",
    "@types/jasmine": "^2.8.17",
    "@types/jasminewd2": "^2.0.9",
    "@types/node": "~8.9.4",
    "codelyzer": "~4.5.0",
    "jasmine-core": "~2.99.1",
    "jasmine-spec-reporter": "~4.2.1",
    "karma": "~3.1.1",
    "karma-chrome-launcher": "~2.2.0",
    "karma-coverage-istanbul-reporter": "^2.1.1",
    "karma-jasmine": "~1.1.2",
    "karma-jasmine-html-reporter": "^0.2.2",
    "protractor": "^5.4.4",
    "ts-node": "~7.0.0",
    "tslint": "~5.11.0",
    "typescript": "~3.2.2"
  }
}
